<?xml version="1.0" encoding="UTF-8"?>
<project-private xmlns="http://www.netbeans.org/ns/project-private/1">
    <editor-bookmarks xmlns="http://www.netbeans.org/ns/editor-bookmarks/2" lastBookmarkId="0"/>
    <open-files xmlns="http://www.netbeans.org/ns/projectui-open-files/2">
        <group>
            <file>file:/media/sf_WORK/ASOS/2020/Soap/xmlproject/src/UnionSchema.xsd</file>
            <file>file:/media/sf_WORK/ASOS/2020/Soap/xmlproject/src/UnionWSDL.wsdl</file>
        </group>
    </open-files>
</project-private>
